CLID,PDB,CHAIN,MUT,DDG
1BVCA,1BZ6,A,F64H,-1.51
1BVCA,1BZ6,A,A129G,-1.05
1BVCA,1BZ6,A,L64H,-1.05
1BVCA,1BZ6,A,M142I,-0.93
1BVCA,1BZ6,A,G109E,-0.89
1BVCA,1BZ6,A,F68V,-0.82
1BVCA,1BZ6,A,F64H,-0.81
1BVCA,1BZ6,A,A66V,-0.75
1BVCA,1BZ6,A,L142I,-0.63
1BVCA,1BZ6,A,L64H,-0.61
1BVCA,1BZ6,A,L125A,-0.60
1BVCA,1BZ6,A,A88P,-0.59
1BVCA,1BZ6,A,A64H,-0.58
1BVCA,1BZ6,A,F107I,-0.58
1BVCA,1BZ6,A,Y64H,-0.52
1BVCA,1BZ6,A,G8Q,-0.50
1BVCA,1BZ6,A,A64H,-0.49
1BVCA,1BZ6,A,W64H,-0.47
1BVCA,1BZ6,A,L68V,-0.42
1BVCA,1BZ6,A,L144A,-0.40
1BVCA,1BZ6,A,F68V,-0.38
1BVCA,1BZ6,A,I64H,-0.38
1BVCA,1BZ6,A,V64H,-0.36
1BVCA,1BZ6,A,I68V,-0.35
1BVCA,1BZ6,A,A44D,-0.25
1BVCA,1BZ6,A,Q67T,-0.23
1BVCA,1BZ6,A,T64H,-0.23
1BVCA,1BZ6,A,A77K,-0.20
1BVCA,1BZ6,A,F67T,-0.19
1BVCA,1BZ6,A,A116H,-0.16
1BVCA,1BZ6,A,F107I,-0.12
1BVCA,1BZ6,A,M29L,-0.12
1BVCA,1BZ6,A,L15A,-0.10
1BVCA,1BZ6,A,G93H,-0.04
1BVCA,1BZ6,A,V28I,-0.04
1BVCA,1BZ6,A,Q64H,-0.02
1BVCA,1BZ6,A,A13V,0.00
1BVCA,1BZ6,A,M69L,0.00
1BVCA,1BZ6,A,I69L,0.02
1BVCA,1BZ6,A,G64H,0.04
1BVCA,1BZ6,A,A133K,0.05
1BVCA,1BZ6,A,Q82H,0.05
1BVCA,1BZ6,A,F32L,0.07
1BVCA,1BZ6,A,W68V,0.07
1BVCA,1BZ6,A,R64H,0.08
1BVCA,1BZ6,A,A122D,0.10
1BVCA,1BZ6,A,V69L,0.10
1BVCA,1BZ6,A,Q97H,0.11
1BVCA,1BZ6,A,V142I,0.12
1BVCA,1BZ6,A,F29L,0.13
1BVCA,1BZ6,A,A60D,0.15
1BVCA,1BZ6,A,A109E,0.17
1BVCA,1BZ6,A,Y68V,0.17
1BVCA,1BZ6,A,A117S,0.26
1BVCA,1BZ6,A,A67T,0.26
1BVCA,1BZ6,A,Q113H,0.26
1BVCA,1BZ6,A,F28I,0.28
1BVCA,1BZ6,A,A137L,0.30
1BVCA,1BZ6,A,N64H,0.33
1BVCA,1BZ6,A,A140K,0.35
1BVCA,1BZ6,A,A4E,0.35
1BVCA,1BZ6,A,A56K,0.35
1BVCA,1BZ6,A,A29L,0.39
1BVCA,1BZ6,A,A9L,0.41
1BVCA,1BZ6,A,A107I,0.43
1BVCA,1BZ6,A,A11L,0.44
1BVCA,1BZ6,A,A139R,0.45
1BVCA,1BZ6,A,Q64H,0.45
1BVCA,1BZ6,A,A32L,0.47
1BVCA,1BZ6,A,A20D,0.50
1BVCA,1BZ6,A,V24H,0.52
1BVCA,1BZ6,A,A28I,0.53
1BVCA,1BZ6,A,W32L,0.53
1BVCA,1BZ6,A,Q64H,0.54
1BVCA,1BZ6,A,L28I,0.55
1BVCA,1BZ6,A,M28I,0.56
1BVCA,1BZ6,A,T68V,0.57
1BVCA,1BZ6,A,A11L,0.60
1BVCA,1BZ6,A,A68V,0.60
1BVCA,1BZ6,A,T68V,0.60
1BVCA,1BZ6,A,Q48H,0.62
1BVCA,1BZ6,A,L111I,0.64
1BVCA,1BZ6,A,A118R,0.65
1BVCA,1BZ6,A,A13V,0.67
1BVCA,1BZ6,A,F119H,0.68
1BVCA,1BZ6,A,A106F,0.70
1BVCA,1BZ6,A,M135L,0.79
1BVCA,1BZ6,A,I49L,0.80
1BVCA,1BZ6,A,Q36H,0.80
1BVCA,1BZ6,A,P67T,0.85
1BVCA,1BZ6,A,A8Q,0.89
1BVCA,1BZ6,A,I43F,0.89
1BVCA,1BZ6,A,F7W,0.90
1BVCA,1BZ6,A,L130A,0.90
1BVCA,1BZ6,A,A68V,0.93
1BVCA,1BZ6,A,A18E,0.95
1BVCA,1BZ6,A,V107I,1.09
1BVCA,1BZ6,A,A123F,1.10
1BVCA,1BZ6,A,A142I,1.10
1BVCA,1BZ6,A,F14W,1.10
1BVCA,1BZ6,A,A23G,1.12
1BVCA,1BZ6,A,I29L,1.12
1BVCA,1BZ6,A,M111I,1.14
1BVCA,1BZ6,A,A69L,1.18
1BVCA,1BZ6,A,Q36H,1.30
1BVCA,1BZ6,A,A28I,1.33
1BVCA,1BZ6,A,A115L,1.40
1BVCA,1BZ6,A,A51T,1.41
1BVCA,1BZ6,A,A114V,1.45
1BVCA,1BZ6,A,I135L,1.54
1BVCA,1BZ6,A,A149L,1.60
1BVCA,1BZ6,A,T68V,1.67
1BVCA,1BZ6,A,A135L,1.70
1BVCA,1BZ6,A,V29L,1.72
1BVCA,1BZ6,A,A137L,1.78
1BVCA,1BZ6,A,A111I,1.84
1BVCA,1BZ6,A,A30I,1.90
1BVCA,1BZ6,A,A142I,1.92
1BVCA,1BZ6,A,A32L,2.04
1BVCA,1BZ6,A,A28I,2.06
1BVCA,1BZ6,A,K123F,2.10
1BVCA,1BZ6,A,K130A,2.10
1BVCA,1BZ6,A,A131M,2.20
1BVCA,1BZ6,A,T107I,2.23
1BVCA,1BZ6,A,V135L,2.25
1BVCA,1BZ6,A,L130A,2.30
1BVCA,1BZ6,A,A29L,2.37
1BVCA,1BZ6,A,Q68V,2.42
1BVCA,1BZ6,A,V43F,2.66
1BVCA,1BZ6,A,S68V,2.99
1BVCA,1BZ6,A,T123F,3.50
1BVCA,1BZ6,A,K130A,3.70
1BVCA,1BZ6,A,N68V,3.81
1BVCA,1BZ6,A,N29L,5.59
