CLID	PDB	CHAIN	MUT	DDG
2AC0A	2OCJ	A	Q104H	0.24
2AC0A	2OCJ	A	Q104P	0.11
2AC0A	2OCJ	A	T123A	-0.13
2AC0A	2OCJ	A	A129D	-0.7
2AC0A	2OCJ	A	A129E	-0.38
2AC0A	2OCJ	A	A129S	-0.19
2AC0A	2OCJ	A	M133L	0.30
2AC0A	2OCJ	A	F134L	-4.78
2AC0A	2OCJ	A	V143A	-3.5
2AC0A	2OCJ	A	L145Q	-2.98
2AC0A	2OCJ	A	D148E	-0.43
2AC0A	2OCJ	A	D148S	0.22
2AC0A	2OCJ	A	T150P	-0.08
2AC0A	2OCJ	A	P151S	-4.49
2AC0A	2OCJ	A	V157F	-3.88
2AC0A	2OCJ	A	Q165K	-1.27
2AC0A	2OCJ	A	Q167E	-0.43
2AC0A	2OCJ	A	H168R	-2.75
2AC0A	2OCJ	A	R174K	-0.22
2AC0A	2OCJ	A	R175A	-0.73
2AC0A	2OCJ	A	R175H	-3.52
2AC0A	2OCJ	A	C182S	0.16
2AC0A	2OCJ	A	I195T	-4.12
2AC0A	2OCJ	A	L201P	0.35
2AC0A	2OCJ	A	V203A	0.49
2AC0A	2OCJ	A	L206S	-0.1
2AC0A	2OCJ	A	Y220C	-3.98
2AC0A	2OCJ	A	D228E	0.05
2AC0A	2OCJ	A	I232T	-3.19
2AC0A	2OCJ	A	Y236F	0.27
2AC0A	2OCJ	A	M237I	-3.18
2AC0A	2OCJ	A	N239Y	1.49
2AC0A	2OCJ	A	C242S	-3.07
2AC0A	2OCJ	A	G245S	-1.21
2AC0A	2OCJ	A	R248Q	-1.87
2AC0A	2OCJ	A	R249S	-1.92
2AC0A	2OCJ	A	I255F	-3.29
2AC0A	2OCJ	A	S260P	-0.32
2AC0A	2OCJ	A	N268D	1.21
2AC0A	2OCJ	A	F270C	-4.54
2AC0A	2OCJ	A	R273H	-0.45
2AC0A	2OCJ	A	R282W	-3.3
